EAN,Dimensions
9782378128708.0,"14,8 cm × 21,0 cm × 0,0 cm"
9782378129088.0,"14,8 cm × 21,0 cm × 0,0 cm"
9782080411693.0,"15,0 cm × 22,0 cm × 2,1 cm"
9782382846056.0,"14,0 cm × 20,3 cm × 2,0 cm"
9782226468543.0,"12,6 cm × 18,4 cm × 1,7 cm"
9782226468550.0,"12,6 cm × 18,4 cm × 1,6 cm"
9782226483935.0,"15,0 cm × 22,2 cm × 3,5 cm"
9782080283689.0,"13,8 cm × 21,0 cm × 1,7 cm"
9782080429148.0,"13,9 cm × 20,9 cm × 1,7 cm"
9782246831983.0,"12,1 cm × 18,5 cm × 1,5 cm"
9782824622439.0,"14,7 cm × 22,5 cm × 2,7 cm"
9782290393017.0,"13,1 cm × 19,1 cm × 2,4 cm"
9782382846469.0,"14,0 cm × 20,5 cm × 2,6 cm"
9782743660482.0,"13,9 cm × 20,4 cm × 2,0 cm"
9782322499465.0,"12,0 cm × 19,0 cm × 1,3 cm"
9791032922842.0,
9782382844823.0,
9791096739141.0,"17,8 cm × 24,8 cm × 4,0 cm"
9782406158202.0,
9782812455988.0,
9791030801040.0,"14,0 cm × 20,6 cm × 2,2 cm"
9782406148487.0,"15,0 cm × 22,0 cm × 0,8 cm"
9782406148494.0,
9782754763967.0,"13,3 cm × 20,3 cm × 0,0 cm"
9782812204524.0,"14,0 cm × 22,5 cm × 1,8 cm"
9782812204531.0,"14,0 cm × 22,5 cm × 2,1 cm"
9782385290337.0,"15,0 cm × 23,0 cm × 4,8 cm"
9782874898877.0,"14,0 cm × 21,0 cm × 0,5 cm"
9782487000025.0,"1,3 cm × 2,2 cm × 0,1 cm"
9782379614200.0,"14,8 cm × 21,0 cm × 2,4 cm"
9782379615177.0,"14,8 cm × 21,0 cm × 3,1 cm"
9782956030614.0,"14,5 cm × 24,0 cm × 2,2 cm"
9791038121546.0,"14,0 cm × 21,6 cm × 0,0 cm"
9791038121584.0,"14,0 cm × 21,6 cm × 0,0 cm"
9791038121683.0,"14,0 cm × 21,6 cm × 0,0 cm"
9791038135031.0,"14,0 cm × 21,6 cm × 0,0 cm"
9782352848233.0,"15,0 cm × 19,0 cm × 1,5 cm"
9791038116467.0,"14,0 cm × 21,6 cm × 0,0 cm"
9791038124035.0,"14,0 cm × 21,6 cm × 0,0 cm"
9791038128071.0,"14,0 cm × 21,6 cm × 0,0 cm"
9791038138650.0,"14,0 cm × 21,6 cm × 0,0 cm"
9782494667013.0,"13,5 cm × 21,0 cm × 1,0 cm"
9782494707061.0,"14,3 cm × 20,8 cm × 2,8 cm"
9782846795470.0,"13,0 cm × 21,5 cm × 1,4 cm"
9782874898945.0,"12,5 cm × 21,5 cm × 3,0 cm"
9782494707092.0,
9782494707108.0,
9782363365903.0,"13,0 cm × 20,0 cm × 0,0 cm"
9782379460968.0,"13,0 cm × 21,0 cm × 2,2 cm"
9782322473663.0,"14,8 cm × 21,0 cm × 1,5 cm"
9782490155804.0,"12,6 cm × 19,2 cm × 2,1 cm"
9782832112410.0,"11,0 cm × 20,0 cm × 1,2 cm"
9782832112465.0,"14,0 cm × 21,0 cm × 1,2 cm"
9782911965128.0,"15,0 cm × 22,0 cm × 1,5 cm"
9782021539486.0,"14,5 cm × 22,1 cm × 3,8 cm"
9782364452527.0,"14,0 cm × 21,0 cm × 2,2 cm"
9782373057348.0,"14,0 cm × 20,5 cm × 2,1 cm"
9782494405042.0,"14,0 cm × 19,5 cm × 3,2 cm"
9782902039463.0,"15,0 cm × 19,0 cm × 0,2 cm"
9782378129101.0,"14,8 cm × 21,0 cm × 0,0 cm"
9782492027390.0,"14,0 cm × 21,0 cm × 0,0 cm"
9782378128906.0,"14,8 cm × 21,0 cm × 0,0 cm"
9782378128968.0,"14,8 cm × 21,0 cm × 0,0 cm"
9782385760069.0,"14,0 cm × 21,6 cm × 0,0 cm"
9782385760090.0,"14,0 cm × 21,6 cm × 0,0 cm"
9782360121595.0,"14,0 cm × 20,4 cm × 2,3 cm"
9782362796142.0,"13,5 cm × 18,5 cm × 1,7 cm"
9782823619393.0,"14,3 cm × 20,5 cm × 3,1 cm"
9791042203191.0,"14,8 cm × 21,0 cm × 0,9 cm"
9782364684119.0,"16,6 cm × 23,1 cm × 3,7 cm"
9782380822656.0,"14,3 cm × 20,6 cm × 3,0 cm"
9791040116417.0,"13,3 cm × 20,4 cm × 2,3 cm"
9782021497885.0,"15,8 cm × 24,3 cm × 4,6 cm"
9782380823097.0,"14,4 cm × 20,6 cm × 2,9 cm"
9791037798824.0,"14,8 cm × 21,0 cm × 1,1 cm"
9782283036785.0,"14,0 cm × 20,5 cm × 2,6 cm"
9782073010414.0,"14,0 cm × 20,5 cm × 2,0 cm"
9782073024459.0,"14,0 cm × 20,5 cm × 1,8 cm"
9782848054902.0,"14,0 cm × 18,3 cm × 1,5 cm"
9782073026262.0,"14,0 cm × 20,5 cm × 1,8 cm"
9782385530044.0,"14,2 cm × 20,0 cm × 1,8 cm"
9782267050721.0,"13,5 cm × 21,4 cm × 3,2 cm"
9782882508607.0,"15,0 cm × 23,0 cm × 2,7 cm"
9782204145312.0,"13,5 cm × 21,2 cm × 1,7 cm"
9782259316880.0,"13,7 cm × 21,2 cm × 1,7 cm"
9782385770037.0,"14,0 cm × 20,5 cm × 1,8 cm"
9782378561789.0,"14,0 cm × 21,5 cm × 1,3 cm"
9782378561796.0,"14,0 cm × 21,5 cm × 3,2 cm"
9791030706062.0,"13,0 cm × 20,0 cm × 1,5 cm"
9791034908035.0,"14,0 cm × 21,0 cm × 1,6 cm"
9782882508690.0,"15,2 cm × 23,0 cm × 1,7 cm"
9782384820337.0,"12,3 cm × 19,0 cm × 1,3 cm"
9782385770013.0,"14,4 cm × 20,7 cm × 2,5 cm"
9782490501298.0,"12,5 cm × 20,0 cm × 1,5 cm"
9782753593183.0,"15,6 cm × 21,0 cm × 2,3 cm"
9782715262225.0,"13,8 cm × 20,5 cm × 1,3 cm"
9782073005878.0,"14,0 cm × 20,5 cm × 1,6 cm"
9782073026118.0,"14,2 cm × 20,5 cm × 1,6 cm"
9782073026989.0,"14,0 cm × 20,5 cm × 1,4 cm"
9782073029843.0,"14,0 cm × 19,0 cm × 1,1 cm"
9782073029898.0,"14,0 cm × 20,5 cm × 2,2 cm"
9782494466203.0,"14,1 cm × 20,5 cm × 1,5 cm"
9782371024106.0,"15,0 cm × 23,5 cm × 5,0 cm"
9782283037393.0,"14,0 cm × 20,5 cm × 3,5 cm"
9782221259719.0,"13,6 cm × 21,5 cm × 2,3 cm"
9782259317085.0,"14,3 cm × 19,0 cm × 2,1 cm"
9782260056041.0,"14,0 cm × 20,7 cm × 1,6 cm"
9782350878966.0,"14,0 cm × 20,5 cm × 1,7 cm"
9782367190952.0,"14,2 cm × 21,7 cm × 2,5 cm"
9782749176550.0,"12,6 cm × 20,2 cm × 2,1 cm"
9782749934884.0,"14,2 cm × 22,7 cm × 3,0 cm"
9782491560652.0,"11,0 cm × 21,0 cm × 0,2 cm"
9782322499540.0,"13,5 cm × 21,5 cm × 0,3 cm"
9782258203495.0,"14,0 cm × 22,5 cm × 3,0 cm"
9782749173047.0,"14,0 cm × 22,0 cm × 4,2 cm"
9782258201569.0,"15,2 cm × 22,2 cm × 2,8 cm"
9782365697798.0,"14,1 cm × 22,5 cm × 1,5 cm"
9782752912473.0,"14,0 cm × 20,5 cm × 2,9 cm"
9782221270561.0,"14,0 cm × 21,8 cm × 1,9 cm"
9782809846683.0,"14,2 cm × 22,7 cm × 3,1 cm"
9782258199958.0,"13,7 cm × 18,7 cm × 1,7 cm"
9782359053807.0,"14,2 cm × 22,5 cm × 1,8 cm"
9782351782873.0,"14,0 cm × 20,5 cm × 3,1 cm"
9782355849831.0,"14,5 cm × 20,4 cm × 3,0 cm"
9782072999598.0,"14,0 cm × 20,5 cm × 2,0 cm"
9782848054919.0,"14,0 cm × 18,3 cm × 1,3 cm"
9791037112453.0,"14,0 cm × 20,5 cm × 1,8 cm"
9782258205512.0,"14,2 cm × 22,7 cm × 3,2 cm"
9782259316101.0,"12,2 cm × 18,7 cm × 1,3 cm"
9782259317009.0,"13,6 cm × 21,0 cm × 2,8 cm"
9782714476142.0,"14,0 cm × 22,7 cm × 1,9 cm"
9782714499141.0,"14,2 cm × 22,7 cm × 3,0 cm"
9782749178165.0,"14,1 cm × 21,0 cm × 2,0 cm"
9782889442287.0,"14,0 cm × 21,2 cm × 3,3 cm"
9782914823296.0,"14,0 cm × 20,5 cm × 1,1 cm"
9791096415588.0,"14,0 cm × 20,5 cm × 2,0 cm"
9791096415595.0,"14,0 cm × 20,5 cm × 0,7 cm"
9782221259696.0,"13,7 cm × 21,5 cm × 2,0 cm"
9782384820313.0,"14,5 cm × 22,0 cm × 2,3 cm"
9782384820344.0,"14,7 cm × 22,2 cm × 2,2 cm"
9782356982445.0,"14,0 cm × 20,5 cm × 1,1 cm"
9782875990785.0,"14,0 cm × 21,0 cm × 1,6 cm"
9791092173765.0,"15,0 cm × 20,0 cm × 2,4 cm"
9791096673421.0,"14,0 cm × 20,0 cm × 2,5 cm"
9782490855568.0,"12,0 cm × 21,0 cm × 1,0 cm"
9782493699046.0,"13,0 cm × 20,0 cm × 2,2 cm"
9782491221102.0,"14,5 cm × 21,0 cm × 1,1 cm"
9782370734709.0,"14,2 cm × 20,7 cm × 1,7 cm"
9782847425048.0,"14,2 cm × 20,7 cm × 2,0 cm"
9782358879996.0,"12,0 cm × 20,0 cm × 1,6 cm"
9782259315371.0,"13,7 cm × 21,2 cm × 3,4 cm"
9782382460924.0,"14,2 cm × 20,0 cm × 3,8 cm"
9782749954721.0,"14,2 cm × 22,6 cm × 2,8 cm"
9782807004023.0,"14,8 cm × 21,0 cm × 1,4 cm"
9782259310772.0,
9782322501298.0,"14,8 cm × 21,0 cm × 1,8 cm"
9782268109367.0,"13,0 cm × 20,5 cm × 1,5 cm"
9782330182427.0,"14,7 cm × 24,0 cm × 2,5 cm"
9782246831242.0,"14,3 cm × 20,6 cm × 2,3 cm"
9782246834977.0,"12,1 cm × 18,5 cm × 1,5 cm"
9782709671279.0,"13,2 cm × 20,5 cm × 1,7 cm"
9782709671385.0,"14,0 cm × 22,5 cm × 3,0 cm"
9782755669053.0,"13,0 cm × 20,5 cm × 4,8 cm"
9791032927823.0,"14,2 cm × 20,0 cm × 3,2 cm"
9782207163887.0,"14,2 cm × 20,5 cm × 3,0 cm"
9782330182267.0,"11,7 cm × 21,8 cm × 1,3 cm"
9782330182274.0,"11,6 cm × 21,7 cm × 1,7 cm"
9782743660505.0,"14,0 cm × 20,6 cm × 1,6 cm"
9782080411556.0,"12,9 cm × 20,7 cm × 1,7 cm"
9782080419903.0,"13,0 cm × 20,6 cm × 2,1 cm"
9782080425928.0,"14,5 cm × 22,0 cm × 2,2 cm"
9782246835332.0,"14,0 cm × 20,6 cm × 3,0 cm"
9782213726335.0,"13,5 cm × 21,5 cm × 2,0 cm"
9782824622392.0,"14,7 cm × 22,4 cm × 2,6 cm"
9782824622422.0,"14,5 cm × 22,5 cm × 2,0 cm"
9782702180761.0,"13,5 cm × 21,5 cm × 1,6 cm"
9782709672085.0,"13,7 cm × 21,5 cm × 1,7 cm"
9782709672672.0,"13,0 cm × 20,5 cm × 1,5 cm"
9782383110040.0,"13,5 cm × 20,0 cm × 2,4 cm"
9791032923849.0,"14,0 cm × 20,0 cm × 2,3 cm"
9782207165553.0,"14,0 cm × 20,3 cm × 4,0 cm"
9782207168950.0,"14,4 cm × 20,4 cm × 1,9 cm"
9782755665055.0,"13,0 cm × 20,5 cm × 4,0 cm"
9782812624896.0,"14,2 cm × 20,6 cm × 1,8 cm"
9782360841998.0,"14,2 cm × 19,1 cm × 2,4 cm"
9782743660642.0,"14,1 cm × 20,6 cm × 1,9 cm"
9782080428431.0,"13,7 cm × 21,1 cm × 1,9 cm"
9782213718064.0,"13,5 cm × 21,5 cm × 2,1 cm"
9782213725642.0,"13,5 cm × 21,5 cm × 2,3 cm"
9782213726434.0,"13,0 cm × 20,0 cm × 2,0 cm"
9782213726441.0,"13,0 cm × 20,0 cm × 2,8 cm"
9782213726458.0,"13,0 cm × 20,0 cm × 2,0 cm"
9791033914181.0,"14,0 cm × 20,5 cm × 1,8 cm"
9782280473651.0,"13,0 cm × 20,5 cm × 2,7 cm"
9782381400365.0,"12,7 cm × 19,5 cm × 2,2 cm"
9782501171847.0,"14,6 cm × 21,4 cm × 2,8 cm"
9782080415400.0,"14,5 cm × 22,0 cm × 3,0 cm"
9782080416025.0,"13,0 cm × 20,5 cm × 2,0 cm"
9782376973911.0,"14,4 cm × 21,0 cm × 1,7 cm"
9782740325254.0,"15,0 cm × 22,0 cm × 2,0 cm"
9791032927977.0,"14,2 cm × 20,0 cm × 1,7 cm"
9791032928394.0,"14,1 cm × 20,0 cm × 2,0 cm"
9782207176672.0,"14,3 cm × 20,6 cm × 2,0 cm"
9782330182182.0,"12,5 cm × 19,0 cm × 1,3 cm"
9782330182281.0,"11,5 cm × 21,7 cm × 1,5 cm"
9782226480736.0,"14,2 cm × 20,6 cm × 1,8 cm"
9782226486486.0,"14,0 cm × 20,5 cm × 2,1 cm"
9782080429773.0,"13,6 cm × 21,0 cm × 1,5 cm"
9782246816935.0,"13,0 cm × 20,5 cm × 1,4 cm"
9782213720715.0,"13,5 cm × 21,5 cm × 2,5 cm"
9782213725659.0,"13,5 cm × 21,5 cm × 1,1 cm"
9782234095090.0,"13,8 cm × 21,6 cm × 2,7 cm"
9782378153175.0,"14,0 cm × 21,0 cm × 2,7 cm"
9782702184110.0,"15,3 cm × 23,5 cm × 3,2 cm"
9782702189023.0,"13,5 cm × 21,5 cm × 2,3 cm"
9791033914532.0,"14,0 cm × 20,5 cm × 2,3 cm"
9782280490337.0,"13,0 cm × 20,5 cm × 4,4 cm"
9782709670043.0,"13,0 cm × 20,5 cm × 2,9 cm"
9782383110248.0,"13,5 cm × 20,0 cm × 1,5 cm"
9782363925213.0,"14,2 cm × 20,5 cm × 1,0 cm"
9782363925244.0,"14,2 cm × 20,5 cm × 1,0 cm"
9782363925275.0,"14,2 cm × 20,5 cm × 1,0 cm"
9782363925305.0,"14,2 cm × 20,5 cm × 1,0 cm"
9782363925336.0,"14,2 cm × 20,5 cm × 1,0 cm"
9782363925367.0,"14,2 cm × 20,5 cm × 1,0 cm"
9782378720148.0,"14,2 cm × 20,5 cm × 1,0 cm"
9782378720186.0,"14,2 cm × 20,5 cm × 1,0 cm"
9782378720254.0,"14,2 cm × 20,5 cm × 1,0 cm"
9782378720261.0,"14,2 cm × 20,5 cm × 1,0 cm"
9782378720285.0,"14,2 cm × 20,5 cm × 1,0 cm"
9782382991541.0,"14,8 cm × 22,0 cm × 2,5 cm"
9782382991558.0,"14,8 cm × 22,0 cm × 3,0 cm"
9782382991565.0,"14,8 cm × 22,0 cm × 3,0 cm"
9782226451002.0,"15,2 cm × 22,0 cm × 3,2 cm"
9782226471178.0,"15,2 cm × 22,0 cm × 3,7 cm"
9782226481160.0,"14,0 cm × 20,5 cm × 3,0 cm"
9782226481795.0,"13,9 cm × 20,5 cm × 2,0 cm"
9782226486363.0,"14,1 cm × 20,6 cm × 2,1 cm"
9782234093799.0,"13,8 cm × 21,4 cm × 2,3 cm"
9782702188408.0,"13,5 cm × 21,5 cm × 1,5 cm"
9782709671309.0,"13,0 cm × 20,4 cm × 2,5 cm"
9782413079521.0,"13,5 cm × 22,0 cm × 2,7 cm"
9782330182106.0,"14,5 cm × 24,1 cm × 2,5 cm"
9782366247992.0,"14,1 cm × 20,5 cm × 1,3 cm"
9782017246411.0,"13,5 cm × 21,3 cm × 3,6 cm"
9782234092518.0,"13,5 cm × 21,5 cm × 2,7 cm"
9782330182250.0,"11,5 cm × 21,7 cm × 2,8 cm"
9782213721798.0,"13,4 cm × 21,5 cm × 2,6 cm"
9782702181836.0,"13,5 cm × 21,5 cm × 2,4 cm"
9782702188316.0,"14,5 cm × 22,0 cm × 3,1 cm"
9782207176627.0,"14,2 cm × 20,7 cm × 2,7 cm"
9782330181611.0,"11,6 cm × 21,8 cm × 2,0 cm"
9782743660475.0,"14,1 cm × 20,5 cm × 2,8 cm"
9782226473141.0,"14,2 cm × 20,6 cm × 2,4 cm"
9782226478344.0,"14,3 cm × 20,5 cm × 2,9 cm"
9782226485618.0,"13,3 cm × 20,2 cm × 1,6 cm"
9782080427595.0,"13,7 cm × 20,9 cm × 1,9 cm"
9782080429803.0,"13,7 cm × 21,0 cm × 2,0 cm"
9782234092358.0,"13,5 cm × 21,5 cm × 2,3 cm"
9782234094901.0,"13,5 cm × 21,5 cm × 2,0 cm"
9782226475015.0,"14,0 cm × 20,5 cm × 2,0 cm"
9782384547449.0,"14,8 cm × 21,0 cm × 1,9 cm"
9782384548804.0,"14,8 cm × 21,0 cm × 1,9 cm"
9791035996949.0,"14,8 cm × 21,0 cm × 0,0 cm"
9782367345277.0,"12,8 cm × 21,0 cm × 2,1 cm"
9782370712660.0,"14,2 cm × 19,4 cm × 2,2 cm"
9782764452219.0,"12,7 cm × 21,6 cm × 2,2 cm"
9782357071797.0,"13,1 cm × 20,5 cm × 1,0 cm"
9782897128807.0,"13,2 cm × 19,8 cm × 2,1 cm"
9791025205938.0,"13,2 cm × 20,0 cm × 2,1 cm"
9782918883029.0,"16,0 cm × 24,0 cm × 1,8 cm"
9782384548156.0,"14,8 cm × 21,0 cm × 1,5 cm"
9782365331258.0,"14,7 cm × 20,0 cm × 2,0 cm"
9782382571088.0,"11,8 cm × 20,0 cm × 1,9 cm"
9782494062238.0,"14,3 cm × 20,4 cm × 1,9 cm"
9791030417395.0,"11,7 cm × 18,5 cm × 0,9 cm"
9782363391940.0,"13,5 cm × 20,0 cm × 1,4 cm"
9782384312191.0,"14,7 cm × 21,0 cm × 1,8 cm"
9782815947770.0,"14,0 cm × 22,0 cm × 1,9 cm"
9791027904617.0,"12,6 cm × 20,2 cm × 1,5 cm"
9782940701629.0,"14,0 cm × 22,5 cm × 1,9 cm"
9782809716368.0,"13,2 cm × 20,6 cm × 2,7 cm"
9782374913230.0,"14,0 cm × 21,0 cm × 1,4 cm"
9782390700647.0,"14,4 cm × 21,0 cm × 1,7 cm"
9782494289208.0,"14,2 cm × 21,0 cm × 1,7 cm"
9781739458300.0,"10,8 cm × 17,8 cm × 1,2 cm"
9781739524029.0,"13,8 cm × 21,6 cm × 1,2 cm"
9782889072460.0,"14,1 cm × 21,2 cm × 0,8 cm"
9782494463059.0,"12,0 cm × 20,5 cm × 1,8 cm"
9791035970949.0,"14,8 cm × 21,0 cm × 0,0 cm"
9782916830261.0,"14,8 cm × 21,0 cm × 1,2 cm"
9791035984618.0,"15,6 cm × 23,4 cm × 0,0 cm"
9791042401030.0,"13,0 cm × 18,0 cm × 0,0 cm"
9782322500024.0,"12,0 cm × 19,0 cm × 2,3 cm"
9782414603138.0,"14,8 cm × 21,0 cm × 1,8 cm"
9782414603855.0,"14,8 cm × 21,0 cm × 2,5 cm"
9782414609857.0,"14,8 cm × 21,0 cm × 3,3 cm"
9782414613724.0,"14,8 cm × 21,0 cm × 0,6 cm"
9782414614202.0,"14,8 cm × 21,0 cm × 1,0 cm"
9782414614295.0,"14,8 cm × 21,0 cm × 0,9 cm"
9782322499694.0,"13,5 cm × 21,5 cm × 1,3 cm"
9782322501236.0,"13,5 cm × 21,5 cm × 1,3 cm"
9782322500987.0,"12,0 cm × 19,0 cm × 0,8 cm"
9791037798305.0,"14,8 cm × 21,0 cm × 0,6 cm"
9782322500673.0,"13,5 cm × 21,5 cm × 1,6 cm"
9782322500246.0,"14,8 cm × 21,0 cm × 1,1 cm"
9782021523720.0,"14,4 cm × 20,5 cm × 2,5 cm"
9782364687431.0,"14,1 cm × 20,4 cm × 2,1 cm"
9782889550807.0,"12,0 cm × 20,0 cm × 1,4 cm"
9782251454481.0,"12,5 cm × 19,0 cm × 1,9 cm"
9782381980577.0,"13,5 cm × 21,1 cm × 0,8 cm"
9782021496864.0,"14,7 cm × 22,0 cm × 2,8 cm"
9782493213310.0,"14,0 cm × 20,0 cm × 2,5 cm"
9791022612920.0,"14,2 cm × 21,5 cm × 2,7 cm"
9791097594718.0,"14,1 cm × 21,1 cm × 2,6 cm"
9782021489910.0,"14,4 cm × 20,7 cm × 2,3 cm"
9782021500325.0,"14,3 cm × 20,5 cm × 1,8 cm"
9782021534948.0,"14,0 cm × 20,4 cm × 2,8 cm"
9782823620276.0,"14,0 cm × 20,7 cm × 3,8 cm"
9791022612913.0,"14,1 cm × 21,4 cm × 1,9 cm"
9791042201050.0,"14,8 cm × 21,0 cm × 0,8 cm"
9791042201210.0,"14,8 cm × 21,0 cm × 1,3 cm"
9791042202637.0,"14,8 cm × 21,0 cm × 0,9 cm"
9782021468243.0,"13,4 cm × 18,5 cm × 1,6 cm"
9782823617887.0,"14,6 cm × 22,1 cm × 2,7 cm"
9782021442014.0,"14,3 cm × 20,5 cm × 1,7 cm"
9782021497724.0,"14,0 cm × 20,5 cm × 2,0 cm"
9782364686748.0,"12,9 cm × 19,9 cm × 1,4 cm"
9791042202811.0,"12,0 cm × 19,0 cm × 0,6 cm"
9782376650393.0,"13,7 cm × 19,0 cm × 1,5 cm"
9782823619515.0,"14,1 cm × 20,6 cm × 2,2 cm"
9782021477764.0,"14,2 cm × 20,5 cm × 2,4 cm"
9782752913807.0,"14,0 cm × 20,5 cm × 2,1 cm"
9782882508577.0,"13,0 cm × 20,0 cm × 1,7 cm"
9782810509744.0,"12,7 cm × 20,7 cm × 2,0 cm"
9782283036815.0,"13,0 cm × 19,0 cm × 1,8 cm"
9782752913227.0,"14,0 cm × 20,5 cm × 3,0 cm"
9782258206540.0,"14,2 cm × 22,6 cm × 2,4 cm"
9782283038550.0,"13,2 cm × 19,2 cm × 1,3 cm"
9791035957476.0,"14,8 cm × 21,0 cm × 0,0 cm"
9782812938917.0,"15,0 cm × 23,0 cm × 2,5 cm"
9782812928192.0,"15,0 cm × 23,0 cm × 2,7 cm"
9782072765728.0,"14,0 cm × 20,5 cm × 2,5 cm"
9782072945892.0,"14,0 cm × 20,5 cm × 2,7 cm"
9782818057919.0,"13,9 cm × 20,4 cm × 2,1 cm"
9782818058619.0,"14,0 cm × 20,6 cm × 3,2 cm"
9791038702226.0,"12,5 cm × 19,0 cm × 1,5 cm"
9782267050615.0,"13,5 cm × 21,5 cm × 2,0 cm"
9782283037898.0,"13,0 cm × 19,0 cm × 1,5 cm"
9782373852851.0,"14,2 cm × 21,2 cm × 2,7 cm"
9782363451293.0,"14,9 cm × 21,0 cm × 1,3 cm"
9782715262126.0,"14,0 cm × 20,5 cm × 1,3 cm"
9782493049261.0,"13,5 cm × 21,0 cm × 1,0 cm"
9782925141709.0,"12,7 cm × 19,0 cm × 2,0 cm"
9791038702233.0,"14,0 cm × 21,0 cm × 2,7 cm"
9782371250727.0,"14,0 cm × 21,0 cm × 1,2 cm"
9782382111697.0,"14,5 cm × 22,0 cm × 1,7 cm"
9782841007554.0,"14,1 cm × 20,6 cm × 1,3 cm"
9782875934642.0,"14,0 cm × 20,5 cm × 1,0 cm"
9791095434474.0,"13,0 cm × 20,1 cm × 1,4 cm"
9782322474523.0,"12,0 cm × 19,0 cm × 0,9 cm"
9782072958632.0,"14,0 cm × 20,5 cm × 2,0 cm"
9782073029164.0,"14,0 cm × 20,5 cm × 1,0 cm"
9782073032065.0,"14,2 cm × 20,6 cm × 1,2 cm"
9782073032263.0,"14,2 cm × 20,5 cm × 1,8 cm"
9782818058510.0,"14,2 cm × 20,5 cm × 2,8 cm"
9782073025654.0,"14,0 cm × 20,5 cm × 1,9 cm"
9782258196070.0,"14,2 cm × 22,6 cm × 3,4 cm"
9782350878911.0,"14,3 cm × 20,7 cm × 2,5 cm"
9782370553690.0,"15,2 cm × 20,1 cm × 1,8 cm"
9782841007561.0,"13,9 cm × 20,4 cm × 1,7 cm"
9782351783153.0,"14,3 cm × 20,7 cm × 2,8 cm"
9782265155602.0,"15,8 cm × 22,5 cm × 3,7 cm"
9782493206640.0,"14,2 cm × 20,7 cm × 2,4 cm"
9782382924129.0,"14,2 cm × 20,2 cm × 2,0 cm"
9782073027573.0,"15,0 cm × 22,0 cm × 3,0 cm"
9782073032362.0,"14,0 cm × 20,5 cm × 1,6 cm"
9782073035059.0,"14,1 cm × 20,6 cm × 2,0 cm"
9782378803742.0,"13,8 cm × 18,7 cm × 2,2 cm"
9782378803759.0,"14,7 cm × 20,1 cm × 2,8 cm"
9782370734648.0,"14,0 cm × 20,5 cm × 1,9 cm"
9782715261372.0,"14,0 cm × 20,5 cm × 1,0 cm"
9782073026064.0,"14,0 cm × 20,5 cm × 2,2 cm"
9782714497901.0,"14,1 cm × 20,6 cm × 2,7 cm"
9782073032119.0,"14,0 cm × 20,5 cm × 1,8 cm"
9782385910556.0,"14,8 cm × 21,0 cm × 1,5 cm"
9782385911546.0,"14,8 cm × 21,0 cm × 1,0 cm"
9782385911386.0,"14,8 cm × 21,0 cm × 1,7 cm"
9782383518259.0,"14,8 cm × 21,0 cm × 1,8 cm"
9782383518297.0,"14,8 cm × 21,0 cm × 2,4 cm"
9782383518594.0,"14,8 cm × 21,0 cm × 2,3 cm"
9782385911195.0,"14,8 cm × 21,0 cm × 2,3 cm"
9782385911300.0,"14,8 cm × 21,0 cm × 1,5 cm"
9782385911836.0,"14,8 cm × 21,0 cm × 2,4 cm"
9782385912659.0,"14,8 cm × 21,0 cm × 0,8 cm"
9782366247855.0,"11,3 cm × 21,0 cm × 1,1 cm"
9782383517122.0,"14,8 cm × 21,0 cm × 4,2 cm"
9782383519560.0,"14,8 cm × 21,0 cm × 1,8 cm"
9782322486847.0,"13,5 cm × 21,5 cm × 0,2 cm"
9782322487981.0,"15,5 cm × 22,0 cm × 1,3 cm"
9782755665734.0,"14,5 cm × 22,5 cm × 2,5 cm"
9782368129623.0,"14,6 cm × 23,0 cm × 4,0 cm"
9782246832669.0,"14,1 cm × 20,6 cm × 2,8 cm"
9782246834571.0,"14,0 cm × 20,6 cm × 1,7 cm"
9782746527249.0,"14,2 cm × 20,9 cm × 2,9 cm"
9782380157949.0,"13,1 cm × 20,1 cm × 3,1 cm"
9782311150513.0,"14,0 cm × 21,0 cm × 1,8 cm"
9791093835648.0,"14,2 cm × 21,3 cm × 2,6 cm"
9782746527195.0,"12,5 cm × 19,4 cm × 1,3 cm"
9782492493065.0,"14,8 cm × 21,0 cm × 0,0 cm"
9782889561834.0,"12,5 cm × 18,8 cm × 1,5 cm"
9782889563036.0,"12,5 cm × 18,8 cm × 2,0 cm"
9782889563128.0,"12,5 cm × 18,8 cm × 1,0 cm"
9782889563333.0,"12,5 cm × 18,8 cm × 2,0 cm"
9782381222271.0,"14,3 cm × 21,4 cm × 3,1 cm"
9782413080329.0,"12,2 cm × 18,5 cm × 1,8 cm"
9782246834793.0,"13,1 cm × 20,5 cm × 1,8 cm"
9782368129609.0,"14,5 cm × 23,0 cm × 3,7 cm"
9782017196006.0,"13,6 cm × 21,6 cm × 2,9 cm"
9782381223643.0,"14,3 cm × 21,3 cm × 4,0 cm"
9782380157963.0,"13,2 cm × 20,0 cm × 3,8 cm"
9782246834670.0,"14,0 cm × 20,5 cm × 2,8 cm"
9782322545001.0,"13,5 cm × 21,5 cm × 2,8 cm"
9782494694026.0,"14,9 cm × 21,0 cm × 1,7 cm"
9791035990060.0,"14,8 cm × 21,0 cm × 0,0 cm"
9791035995706.0,"14,8 cm × 21,0 cm × 0,0 cm"
9791042400002.0,"14,8 cm × 21,0 cm × 0,0 cm"
9791042400064.0,"14,8 cm × 21,0 cm × 0,0 cm"
9791042400088.0,"14,8 cm × 21,0 cm × 0,0 cm"
9791042400095.0,"14,8 cm × 21,0 cm × 0,0 cm"
9791042400101.0,"14,8 cm × 21,0 cm × 0,0 cm"
9791042400118.0,"14,8 cm × 21,0 cm × 0,0 cm"
9791042400125.0,"14,8 cm × 21,0 cm × 0,0 cm"
9791042400132.0,"14,8 cm × 21,0 cm × 0,0 cm"
9791042400194.0,"14,8 cm × 21,0 cm × 0,0 cm"
9791042400217.0,"14,8 cm × 21,0 cm × 0,0 cm"
9791042400231.0,"14,8 cm × 21,0 cm × 0,0 cm"
9791042400255.0,"14,8 cm × 21,0 cm × 0,0 cm"
9791042401252.0,"13,0 cm × 18,0 cm × 0,0 cm"
9791042401702.0,"14,8 cm × 21,0 cm × 0,0 cm"
9782494282186.0,"15,2 cm × 22,9 cm × 1,5 cm"
9782322482443.0,"15,5 cm × 22,0 cm × 2,1 cm"
9791037798107.0,"12,0 cm × 19,0 cm × 0,5 cm"
9782406150664.0,"15,0 cm × 22,0 cm × 1,5 cm"
9782414605897.0,"14,8 cm × 21,0 cm × 0,4 cm"
9782414607754.0,"14,8 cm × 21,0 cm × 2,9 cm"
9782414609703.0,"14,8 cm × 21,0 cm × 4,2 cm"
9782414613007.0,"13,4 cm × 20,4 cm × 0,8 cm"
9782414613335.0,"14,8 cm × 21,0 cm × 1,0 cm"
9782414614509.0,"14,8 cm × 21,0 cm × 1,1 cm"
9782322500529.0,"12,0 cm × 19,0 cm × 0,5 cm"
9782406150657.0,"15,0 cm × 22,0 cm × 1,0 cm"
9782322473175.0,"12,0 cm × 19,0 cm × 0,6 cm"
9791040605324.0,"15,0 cm × 21,0 cm × 0,0 cm"
9791040605416.0,"15,0 cm × 21,0 cm × 0,0 cm"
9791040605157.0,"15,0 cm × 21,0 cm × 0,0 cm"
9791040605621.0,"15,0 cm × 21,0 cm × 0,0 cm"
9791020361998.0,"15,0 cm × 21,0 cm × 0,0 cm"
9791020362049.0,"15,0 cm × 21,0 cm × 0,0 cm"
9791040605102.0,"15,0 cm × 21,0 cm × 0,0 cm"
9791020360922.0,"15,0 cm × 21,0 cm × 0,0 cm"
9791020361547.0,"15,0 cm × 21,0 cm × 0,0 cm"
9791020361561.0,"15,0 cm × 21,0 cm × 0,0 cm"
9791020361608.0,"15,0 cm × 21,0 cm × 0,0 cm"
9791035965471.0,"14,8 cm × 21,0 cm × 0,0 cm"
9791035993429.0,"13,0 cm × 18,0 cm × 0,0 cm"
9791041523085.0,"14,8 cm × 21,0 cm × 0,0 cm"
9791035954420.0,"13,0 cm × 18,0 cm × 0,0 cm"
9791037799647.0,"14,8 cm × 21,0 cm × 2,0 cm"
9791037795267.0,"14,8 cm × 21,0 cm × 1,8 cm"
9791037799623.0,"14,8 cm × 21,0 cm × 4,2 cm"
9791042200831.0,"14,8 cm × 21,0 cm × 0,7 cm"
9791042201913.0,"12,0 cm × 19,0 cm × 0,6 cm"
9791042202118.0,"14,8 cm × 21,0 cm × 1,6 cm"
9791037799999.0,"14,8 cm × 21,0 cm × 1,7 cm"
9782322500048.0,"12,0 cm × 19,0 cm × 0,4 cm"
9791020359896.0,"15,0 cm × 21,0 cm × 0,0 cm"
9791020362032.0,"15,0 cm × 21,0 cm × 0,0 cm"
9791020360939.0,"15,0 cm × 21,0 cm × 0,0 cm"
9791020361110.0,"15,0 cm × 21,0 cm × 0,0 cm"
9791020361172.0,"15,0 cm × 21,0 cm × 0,0 cm"
9791020358417.0,"15,0 cm × 21,0 cm × 0,0 cm"
9782322488827.0,"12,0 cm × 19,0 cm × 0,7 cm"
9782322413973.0,"14,8 cm × 21,0 cm × 0,2 cm"
9782376526407.0,"13,5 cm × 21,5 cm × 4,4 cm"
9791037796240.0,"12,0 cm × 19,0 cm × 0,5 cm"
9791042200091.0,"14,8 cm × 21,0 cm × 2,9 cm"
9791042200213.0,"14,8 cm × 21,0 cm × 0,7 cm"
9791042200237.0,"12,0 cm × 19,0 cm × 0,5 cm"
9791042200497.0,"12,0 cm × 19,0 cm × 0,7 cm"
9791042201074.0,"12,0 cm × 19,0 cm × 0,7 cm"
9791042201517.0,"14,8 cm × 21,0 cm × 1,0 cm"
9791042201791.0,"14,8 cm × 21,0 cm × 1,0 cm"
9791042202736.0,"12,0 cm × 19,0 cm × 0,6 cm"
9791042200893.0,"14,8 cm × 21,0 cm × 0,9 cm"
9791042201272.0,"14,8 cm × 21,0 cm × 1,4 cm"
9791042201876.0,"12,0 cm × 19,0 cm × 0,3 cm"
9782322499984.0,"12,0 cm × 19,0 cm × 0,3 cm"
9782322499878.0,"12,0 cm × 19,0 cm × 1,2 cm"
9791020360618.0,"15,0 cm × 21,0 cm × 0,0 cm"
9791020361325.0,"15,0 cm × 21,0 cm × 0,0 cm"
9791020361509.0,"15,0 cm × 21,0 cm × 0,0 cm"
9782322487882.0,"14,8 cm × 21,0 cm × 0,9 cm"
9782322499649.0,"12,0 cm × 19,0 cm × 0,5 cm"
9782414611508.0,"14,8 cm × 21,0 cm × 1,4 cm"
9782414612765.0,"14,8 cm × 21,0 cm × 1,4 cm"
9782322235537.0,"14,8 cm × 21,0 cm × 1,4 cm"
9782322483921.0,"14,8 cm × 21,0 cm × 1,2 cm"
9791020360168.0,"15,0 cm × 21,0 cm × 0,0 cm"
9782322486472.0,"14,8 cm × 21,0 cm × 2,1 cm"
9782322158355.0,"12,0 cm × 19,0 cm × 1,7 cm"
9791020361387.0,"15,0 cm × 21,0 cm × 0,0 cm"
9782491187293.0,"1,5 cm × 2,1 cm × 0,1 cm"
9791038121317.0,"14,0 cm × 21,6 cm × 0,0 cm"
9791038121645.0,"14,0 cm × 21,6 cm × 0,0 cm"
9791038128866.0,"14,0 cm × 21,6 cm × 0,0 cm"
9782385414498.0,"13,5 cm × 21,5 cm × 1,3 cm"
9782385414733.0,"13,5 cm × 21,5 cm × 0,8 cm"
9782385414405.0,"13,5 cm × 21,5 cm × 0,5 cm"
9791038123403.0,"14,0 cm × 21,6 cm × 0,0 cm"
9782322483389.0,"14,8 cm × 21,0 cm × 0,9 cm"
9782492751264.0,"14,0 cm × 21,3 cm × 0,0 cm"
9782385413422.0,"15,5 cm × 24,0 cm × 1,8 cm"
9782322486878.0,"12,0 cm × 19,0 cm × 1,5 cm"
9791035998691.0,"14,8 cm × 21,0 cm × 0,0 cm"
9791042200077.0,"12,0 cm × 19,0 cm × 0,6 cm"
9791042200411.0,"14,8 cm × 21,0 cm × 0,8 cm"
9782322486809.0,"14,8 cm × 21,0 cm × 1,8 cm"
9782378128746.0,"14,8 cm × 21,0 cm × 0,0 cm"
9782378128869.0,"14,8 cm × 21,0 cm × 0,0 cm"
9782378127657.0,"14,8 cm × 21,0 cm × 0,0 cm"
9782378128784.0,"14,8 cm × 21,0 cm × 0,0 cm"
9782378128760.0,"14,8 cm × 21,0 cm × 0,0 cm"
9782378128845.0,"14,8 cm × 21,0 cm × 0,0 cm"
9782378128647.0,"14,8 cm × 21,0 cm × 0,0 cm"
9791095999928.0,"13,0 cm × 21,0 cm × 1,5 cm"
9782384626632.0,"14,8 cm × 21,0 cm × 0,0 cm"
9782322479801.0,"15,5 cm × 22,0 cm × 2,1 cm"
9782322483105.0,"15,5 cm × 22,0 cm × 1,8 cm"
9791040604891.0,"14,8 cm × 21,0 cm × 0,0 cm"
9791040604433.0,"14,8 cm × 21,0 cm × 0,0 cm"
9791040604945.0,"14,8 cm × 21,0 cm × 0,0 cm"
9791040605300.0,"14,8 cm × 21,0 cm × 0,0 cm"
9782322488445.0,"12,0 cm × 19,0 cm × 0,4 cm"
9791040604976.0,"14,8 cm × 21,0 cm × 0,0 cm"
9782384548019.0,"15,8 cm × 24,0 cm × 1,7 cm"
9782376291565.0,"14,8 cm × 21,0 cm × 0,0 cm"
9782378277994.0,"14,8 cm × 21,0 cm × 1,5 cm"
9782378278083.0,"14,8 cm × 21,0 cm × 1,3 cm"
9782378278274.0,"14,8 cm × 21,0 cm × 1,4 cm"
9782378278281.0,"14,8 cm × 21,0 cm × 1,4 cm"
9782378278298.0,"14,8 cm × 21,0 cm × 1,4 cm"
9782322486274.0,"12,0 cm × 19,0 cm × 0,9 cm"
9791042200039.0,"14,8 cm × 21,0 cm × 0,7 cm"
9791042200510.0,"14,8 cm × 21,0 cm × 0,7 cm"
9791040604815.0,"14,8 cm × 21,0 cm × 0,0 cm"
9782378720278.0,"14,2 cm × 20,5 cm × 1,0 cm"
9782385760052.0,"14,0 cm × 21,6 cm × 0,0 cm"
9782406154662.0,
9782406154693.0,
9782812457265.0,
9782812459085.0,
9791042200398.0,"14,8 cm × 21,0 cm × 0,6 cm"
9782322488056.0,"13,5 cm × 21,5 cm × 0,5 cm"
9791042201333.0,"12,0 cm × 19,0 cm × 0,7 cm"
9782823137262.0,
9782382684382.0,"14,0 cm × 21,5 cm × 1,4 cm"
9782754764766.0,"14,0 cm × 22,5 cm × 0,0 cm"
9782754765381.0,"13,3 cm × 20,3 cm × 0,0 cm"
9791028428358.0,"15,0 cm × 21,0 cm × 0,0 cm"
9791028428495.0,"15,0 cm × 21,0 cm × 0,0 cm"
9782322484973.0,"13,5 cm × 21,5 cm × 1,5 cm"
9791020360090.0,"15,0 cm × 21,0 cm × 0,0 cm"
9791028428792.0,"15,0 cm × 21,0 cm × 0,0 cm"
9791028428921.0,"15,0 cm × 21,0 cm × 0,0 cm"
9791028429003.0,"15,0 cm × 21,0 cm × 0,0 cm"
9791020359919.0,"15,0 cm × 21,0 cm × 0,0 cm"
9791028422967.0,"15,0 cm × 21,0 cm × 0,0 cm"
9791028425180.0,"15,0 cm × 21,0 cm × 0,0 cm"
9791028428952.0,"15,0 cm × 21,0 cm × 0,0 cm"
9791035995508.0,"14,8 cm × 21,0 cm × 0,0 cm"
9782385413392.0,"15,5 cm × 24,0 cm × 1,6 cm"
9791020358769.0,"15,0 cm × 21,0 cm × 0,0 cm"
,
9782080675446.0,
9782080675972.0,
9782080117335.0,
9782080672773.0,
9782080674746.0,
9782080675149.0,"1,4 cm × 2,1 cm × 0,0 cm"
9782080668387.0,
9782080674616.0,
9782080676634.0,
9782020247481.0,
9782082631105.0,
9782923713328.0,"13,9 cm × 21,6 cm × 1,1 cm"
9782923713717.0,"14,0 cm × 21,5 cm × 1,2 cm"
9782915722888.0,"14,5 cm × 22,7 cm × 1,4 cm"
9782364150034.0,"14,5 cm × 21,0 cm × 1,0 cm"
9782916043654.0,"15,5 cm × 22,0 cm × 1,0 cm"
9782070146079.0,"14,2 cm × 19,5 cm × 3,3 cm"
9782356960481.0,"13,5 cm × 21,0 cm × 2,9 cm"
9781326119089.0,"14,8 cm × 21,0 cm × 0,0 cm"
9782951982628.0,
9782954249759.0,"14,0 cm × 20,0 cm × 1,8 cm"
9791090296626.0,"16,0 cm × 23,0 cm × 1,0 cm"
9782376761792.0,"14,0 cm × 21,0 cm × 1,0 cm"
9782376763437.0,"14,0 cm × 21,0 cm × 1,0 cm"
9782370670434.0,"14,5 cm × 20,5 cm × 1,4 cm"
9782378970437.0,"12,7 cm × 20,3 cm × 0,0 cm"
9781096373483.0,"15,4 cm × 23,0 cm × 2,5 cm"
9789947393536.0,"15,5 cm × 23,5 cm × 2,5 cm"
9789947393659.0,"13,5 cm × 20,5 cm × 2,5 cm"
9782955939031.0,"14,0 cm × 21,0 cm × 1,7 cm"
9782374190426.0,"13,0 cm × 18,0 cm × 0,0 cm"
9789523407800.0,"15,6 cm × 23,4 cm × 3,0 cm"
9789523407718.0,"14,8 cm × 21,0 cm × 1,1 cm"
9782957434213.0,"14,8 cm × 21,0 cm × 0,8 cm"
9782356982070.0,"14,0 cm × 20,5 cm × 3,7 cm"
9791096784455.0,"14,8 cm × 21,0 cm × 0,0 cm"
9791096784561.0,"14,8 cm × 21,0 cm × 0,0 cm"
9791096784578.0,"14,8 cm × 21,0 cm × 0,0 cm"
9791096784592.0,"14,8 cm × 21,0 cm × 0,0 cm"
9791096784608.0,"14,8 cm × 21,0 cm × 0,0 cm"
9782365921527.0,"20,0 cm × 20,0 cm × 1,0 cm"
9782378124021.0,"14,8 cm × 21,1 cm × 2,2 cm"
9782381022420.0,"12,0 cm × 19,0 cm × 0,8 cm"
9782490426102.0,"10,0 cm × 20,0 cm × 0,8 cm"
9782376527855.0,"13,5 cm × 21,5 cm × 1,5 cm"
9782376528425.0,"13,5 cm × 21,5 cm × 0,0 cm"
9782493747037.0,"14,8 cm × 21,0 cm × 2,6 cm"
9782930947068.0,"12,0 cm × 20,0 cm × 1,5 cm"
9782379603358.0,"13,5 cm × 21,5 cm × 0,0 cm"
9782379798429.0,"14,0 cm × 21,6 cm × 1,5 cm"
9782958062019.0,"11,1 cm × 16,1 cm × 2,5 cm"
9782958318710.0,"11,0 cm × 17,6 cm × 0,8 cm"
9782958318703.0,"11,0 cm × 17,6 cm × 0,8 cm"
9782376527619.0,"13,5 cm × 21,5 cm × 3,5 cm"
9791028422837.0,"15,0 cm × 21,0 cm × 0,0 cm"
9791038128958.0,"14,0 cm × 21,6 cm × 0,0 cm"
9782958177126.0,"14,0 cm × 20,5 cm × 0,7 cm"
9782754763066.0,"13,3 cm × 20,3 cm × 1,3 cm"
9782390520481.0,"18,0 cm × 28,5 cm × 0,0 cm"
9791028429294.0,"15,0 cm × 21,0 cm × 0,0 cm"
9782810509751.0,"12,5 cm × 20,5 cm × 1,5 cm"
9782221254240.0,"13,4 cm × 20,2 cm × 1,4 cm"
9782221266601.0,"13,7 cm × 21,7 cm × 2,6 cm"
9782350878898.0,"14,2 cm × 20,8 cm × 1,8 cm"
9782365697767.0,"14,4 cm × 22,9 cm × 2,2 cm"
9782370553720.0,"14,7 cm × 21,3 cm × 2,7 cm"
9782847425062.0,"14,4 cm × 20,8 cm × 2,7 cm"
9782721012203.0,"13,0 cm × 20,0 cm × 2,3 cm"
9782390700692.0,"14,4 cm × 21,0 cm × 1,5 cm"
9782889072569.0,"14,1 cm × 21,0 cm × 1,4 cm"
9782379511240.0,"13,1 cm × 18,5 cm × 1,8 cm"
9782896986682.0,"13,1 cm × 19,7 cm × 1,8 cm"
9791037109378.0,"13,5 cm × 22,0 cm × 2,4 cm"
9782347002725.0,"13,2 cm × 19,9 cm × 1,1 cm"
9782848592497.0,"13,3 cm × 20,3 cm × 0,0 cm"
9782385413453.0,"13,5 cm × 21,5 cm × 0,9 cm"
9782385413545.0,"15,5 cm × 24,0 cm × 1,6 cm"
9782385413897.0,"15,5 cm × 24,0 cm × 1,1 cm"
9782385414528.0,"13,5 cm × 21,5 cm × 1,4 cm"
9791030706079.0,"13,0 cm × 19,8 cm × 2,0 cm"
9782267050561.0,"13,5 cm × 21,5 cm × 4,1 cm"
9782707349101.0,"13,5 cm × 18,5 cm × 2,0 cm"
9782367322582.0,"14,0 cm × 20,5 cm × 1,8 cm"
9782374253749.0,"15,4 cm × 24,0 cm × 3,4 cm"
9782385415181.0,"13,5 cm × 21,5 cm × 0,4 cm"
9782714312952.0,"13,5 cm × 21,5 cm × 1,7 cm"
9791030706055.0,"13,0 cm × 19,8 cm × 3,0 cm"
9782370712721.0,"14,2 cm × 19,5 cm × 2,2 cm"
9782260055938.0,"14,5 cm × 20,5 cm × 2,5 cm"
9782382924778.0,"14,5 cm × 20,2 cm × 1,8 cm"
9791030417753.0,"11,8 cm × 18,5 cm × 1,1 cm"
9791092636499.0,"14,0 cm × 20,3 cm × 1,7 cm"
9782493333148.0,"13,1 cm × 19,8 cm × 3,2 cm"
9782897129231.0,"13,0 cm × 19,7 cm × 1,4 cm"
9791254760451.0,"14,5 cm × 21,5 cm × 2,1 cm"
9782842424916.0,"12,0 cm × 20,0 cm × 0,0 cm"
9782259315395.0,"14,3 cm × 22,7 cm × 3,9 cm"
9782363584083.0,"18,0 cm × 13,5 cm × 0,0 cm"
9782372543088.0,"14,3 cm × 21,7 cm × 1,7 cm"
9782828920982.0,"15,1 cm × 23,6 cm × 1,1 cm"
9782360136940.0,"12,6 cm × 19,1 cm × 2,1 cm"
9782322488339.0,"14,8 cm × 21,0 cm × 0,9 cm"
9782322488919.0,"13,5 cm × 21,5 cm × 3,8 cm"
9782322499731.0,"12,0 cm × 19,0 cm × 1,4 cm"
9782892394313.0,"15,6 cm × 23,4 cm × 0,0 cm"
9782377897582.0,"15,6 cm × 23,4 cm × 0,0 cm"
9782491625269.0,"12,0 cm × 19,0 cm × 0,6 cm"
9782370833990.0,"15,0 cm × 24,0 cm × 0,0 cm"
9782370834003.0,"15,0 cm × 24,0 cm × 0,0 cm"
9782370834010.0,"15,0 cm × 24,0 cm × 0,0 cm"
9782370834027.0,"15,0 cm × 24,0 cm × 0,0 cm"
9782370834034.0,"15,0 cm × 24,0 cm × 0,0 cm"
9782370834041.0,"15,0 cm × 24,0 cm × 0,0 cm"
9782370834058.0,"15,0 cm × 24,0 cm × 0,0 cm"
9782370834065.0,"15,0 cm × 24,0 cm × 0,0 cm"
9782370834072.0,"15,0 cm × 24,0 cm × 0,0 cm"
9782370834089.0,"15,0 cm × 24,0 cm × 0,0 cm"
9782370834096.0,"15,0 cm × 24,0 cm × 0,0 cm"
9782370834102.0,"15,0 cm × 24,0 cm × 0,0 cm"
9782370834119.0,"15,0 cm × 24,0 cm × 0,0 cm"
9782383230731.0,"15,0 cm × 24,0 cm × 0,0 cm"
9782383230748.0,"15,0 cm × 24,0 cm × 0,0 cm"
9782383230755.0,"15,0 cm × 24,0 cm × 0,0 cm"
9782383230779.0,"15,0 cm × 24,0 cm × 0,0 cm"
9782383230786.0,"15,0 cm × 24,0 cm × 0,0 cm"
9782383230793.0,"15,0 cm × 24,0 cm × 0,0 cm"
9782383230809.0,"15,0 cm × 24,0 cm × 0,0 cm"
9782383230816.0,"15,0 cm × 24,0 cm × 0,0 cm"
9782383230823.0,"15,0 cm × 24,0 cm × 0,0 cm"
9782383230847.0,"15,0 cm × 24,0 cm × 0,0 cm"
9782384062478.0,"14,0 cm × 21,6 cm × 0,0 cm"
9782384062522.0,"15,2 cm × 22,9 cm × 0,0 cm"
9782384062539.0,"14,0 cm × 21,6 cm × 0,0 cm"
9782384062577.0,"14,0 cm × 21,6 cm × 0,0 cm"
9782824914015.0,"16,0 cm × 22,0 cm × 2,8 cm"
9782381242330.0,"14,8 cm × 21,0 cm × 0,0 cm"
9782824907529.0,"13,5 cm × 18,5 cm × 0,9 cm"
9782824913957.0,"13,5 cm × 18,5 cm × 0,6 cm"
9782824913933.0,"13,5 cm × 18,5 cm × 1,3 cm"
9782378128005.0,"14,8 cm × 21,0 cm × 0,0 cm"
9782379322570.0,"15,0 cm × 24,0 cm × 0,0 cm"
9782379322631.0,"15,0 cm × 24,0 cm × 0,0 cm"
9782379322648.0,"15,0 cm × 24,0 cm × 0,0 cm"
9782379322655.0,"15,0 cm × 24,0 cm × 0,0 cm"
9782379322679.0,"15,0 cm × 24,0 cm × 0,0 cm"
9782379322686.0,"15,0 cm × 24,0 cm × 0,0 cm"
9782379322730.0,"15,0 cm × 24,0 cm × 0,0 cm"
9782379322563.0,"15,0 cm × 24,0 cm × 0,0 cm"
9782379322600.0,"15,0 cm × 24,0 cm × 0,0 cm"
9782379322693.0,"15,0 cm × 24,0 cm × 0,0 cm"
9782379322709.0,"15,0 cm × 24,0 cm × 0,0 cm"
9782379322716.0,"15,0 cm × 24,0 cm × 0,0 cm"
9782379322723.0,"15,0 cm × 24,0 cm × 0,0 cm"
9782379322747.0,"15,0 cm × 24,0 cm × 0,0 cm"
9791090103801.0,"11,0 cm × 22,0 cm × 1,0 cm"
9782021539240.0,"13,0 cm × 18,6 cm × 2,0 cm"
9782490155835.0,"12,9 cm × 19,0 cm × 3,7 cm"
9782824913964.0,"13,5 cm × 18,5 cm × 1,5 cm"
9782897724757.0,
9782897724788.0,
9782376730514.0,"16,4 cm × 23,4 cm × 2,4 cm"
9782355238253.0,
9782490155729.0,"12,8 cm × 19,1 cm × 2,1 cm"
9791095999959.0,"13,0 cm × 21,0 cm × 0,8 cm"
9791095999966.0,"13,0 cm × 21,0 cm × 0,8 cm"
9782360623228.0,"15,0 cm × 23,0 cm × 0,0 cm"
9782494210073.0,"14,8 cm × 21,0 cm × 0,7 cm"
9782892394023.0,"14,8 cm × 21,0 cm × 0,0 cm"
9791038133297.0,"14,0 cm × 21,6 cm × 0,0 cm"
9782958177133.0,"14,0 cm × 20,5 cm × 0,8 cm"
9782381242392.0,"14,0 cm × 21,6 cm × 0,0 cm"
9782493747679.0,"14,8 cm × 21,0 cm × 0,0 cm"
9782754765008.0,"13,3 cm × 20,3 cm × 0,0 cm"
9782754765565.0,"13,3 cm × 20,3 cm × 0,0 cm"
9782493967428.0,"13,5 cm × 19,9 cm × 0,0 cm"
9782493967435.0,"12,7 cm × 17,9 cm × 0,0 cm"
9782493709233.0,"12,7 cm × 20,3 cm × 1,5 cm"
9782812625022.0,"14,3 cm × 20,7 cm × 4,1 cm"
9782330181079.0,"11,0 cm × 17,6 cm × 0,0 cm"
9782366248005.0,"14,3 cm × 20,4 cm × 1,9 cm"
9782366248012.0,"14,1 cm × 20,4 cm × 2,0 cm"
9782330177904.0,"11,5 cm × 21,6 cm × 2,1 cm"
9782330181765.0,"10,9 cm × 17,4 cm × 2,0 cm"
9782330182731.0,"14,6 cm × 23,9 cm × 2,2 cm"
9782330181734.0,"10,0 cm × 18,9 cm × 1,3 cm"
9782330181697.0,"14,6 cm × 23,9 cm × 3,4 cm"
9782330181727.0,"11,6 cm × 21,5 cm × 2,0 cm"
9782756114439.0,"12,6 cm × 18,9 cm × 2,1 cm"
9782080411457.0,"13,5 cm × 20,9 cm × 1,6 cm"
9782330181086.0,"11,3 cm × 17,5 cm × 1,8 cm"
9782268109350.0,"13,0 cm × 20,5 cm × 2,4 cm"
9782017206989.0,
9782227500945.0,"13,2 cm × 21,0 cm × 2,6 cm"
9782381222394.0,"14,3 cm × 21,3 cm × 1,2 cm"
9782280494526.0,"13,0 cm × 23,0 cm × 2,7 cm"
9782227501102.0,"13,1 cm × 21,0 cm × 1,0 cm"
9782382991633.0,"14,8 cm × 22,0 cm × 2,7 cm"
9782382991602.0,"14,8 cm × 22,0 cm × 2,2 cm"
9782382991657.0,"14,8 cm × 22,0 cm × 2,2 cm"
9782824622699.0,"11,0 cm × 17,8 cm × 1,8 cm"
9782234092174.0,"13,6 cm × 21,7 cm × 2,1 cm"
9782376715634.0,"19,6 cm × 26,3 cm × 2,3 cm"
9782364529571.0,"14,0 cm × 19,5 cm × 1,3 cm"
9782226474902.0,"15,0 cm × 22,0 cm × 3,3 cm"
9782226486554.0,"15,0 cm × 22,0 cm × 4,2 cm"
9782017251293.0,
9782330181222.0,"14,5 cm × 23,9 cm × 2,5 cm"
9782406149903.0,
9782406150572.0,
9791028119195.0,"15,5 cm × 23,8 cm × 3,3 cm"
9782406149897.0,"15,0 cm × 22,0 cm × 4,6 cm"
9782406150565.0,"15,0 cm × 22,0 cm × 2,1 cm"
9782381222356.0,"11,0 cm × 17,8 cm × 1,8 cm"
9782381222448.0,"14,2 cm × 21,3 cm × 3,3 cm"
9782381224978.0,"11,2 cm × 17,8 cm × 2,2 cm"
9782310054072.0,"14,8 cm × 21,0 cm × 0,0 cm"
9782310054812.0,"14,8 cm × 21,0 cm × 0,0 cm"
9782310054683.0,"14,8 cm × 21,0 cm × 0,0 cm"
9782900315187.0,"14,0 cm × 20,5 cm × 1,5 cm"
9782753304703.0,"13,1 cm × 20,3 cm × 2,0 cm"
9782819507314.0,"13,8 cm × 21,4 cm × 2,2 cm"
9782382924839.0,"13,7 cm × 21,7 cm × 2,2 cm"
9782931220061.0,"14,0 cm × 19,8 cm × 1,5 cm"
9782073035004.0,"13,0 cm × 21,5 cm × 2,0 cm"
9782351783085.0,"14,2 cm × 20,6 cm × 3,1 cm"
9782715260412.0,"14,0 cm × 20,5 cm × 1,7 cm"
9782818058763.0,"12,0 cm × 18,5 cm × 1,5 cm"
9782359053838.0,"14,3 cm × 22,7 cm × 1,8 cm"
9791039203098.0,"11,0 cm × 17,9 cm × 1,6 cm"
9782073010292.0,"14,0 cm × 20,5 cm × 1,8 cm"
9782367491097.0,"14,3 cm × 22,7 cm × 1,1 cm"
9782812939013.0,"15,0 cm × 22,9 cm × 1,7 cm"
9782072982071.0,"14,0 cm × 20,5 cm × 2,7 cm"
9782073022424.0,"15,0 cm × 22,0 cm × 2,0 cm"
9782848054926.0,"14,0 cm × 18,3 cm × 1,5 cm"
9791034908134.0,"14,2 cm × 21,0 cm × 2,0 cm"
9782365697224.0,"15,7 cm × 24,3 cm × 3,7 cm"
9782382924679.0,"13,7 cm × 20,2 cm × 3,9 cm"
9782493043252.0,"14,8 cm × 21,0 cm × 1,5 cm"
9782492301353.0,"13,0 cm × 20,0 cm × 1,8 cm"
9782828921019.0,"0,1 cm × 0,1 cm × 0,1 cm"
9791038701823.0,"14,0 cm × 21,0 cm × 1,8 cm"
9782364906167.0,"0,1 cm × 0,1 cm × 0,1 cm"
9782889442263.0,"14,2 cm × 21,0 cm × 1,6 cm"
9782494466258.0,"14,0 cm × 20,5 cm × 2,0 cm"
9782258196056.0,"15,5 cm × 24,3 cm × 4,4 cm"
9791038702288.0,"14,0 cm × 21,0 cm × 1,7 cm"
9782259316965.0,"13,2 cm × 20,3 cm × 2,0 cm"
9782744822988.0,"13,6 cm × 18,5 cm × 1,4 cm"
9782889442300.0,"14,4 cm × 21,3 cm × 1,7 cm"
9782828920852.0,"13,3 cm × 22,2 cm × 1,8 cm"
9791037509703.0,"15,4 cm × 21,1 cm × 4,2 cm"
9782749953656.0,"14,5 cm × 22,8 cm × 4,0 cm"
9782371265950.0,"13,0 cm × 20,8 cm × 3,6 cm"
9782844184382.0,"14,0 cm × 20,5 cm × 1,0 cm"
9782844184542.0,"14,0 cm × 20,5 cm × 1,6 cm"
9782832112540.0,"11,0 cm × 20,0 cm × 0,0 cm"
9782384624768.0,"12,7 cm × 17,8 cm × 0,0 cm"
9782384626939.0,"12,7 cm × 17,8 cm × 0,0 cm"
9791022613101.0,"14,0 cm × 21,4 cm × 1,8 cm"
9782384626670.0,"14,8 cm × 21,0 cm × 0,0 cm"
9782384626717.0,"14,8 cm × 21,0 cm × 0,0 cm"
9791097594886.0,"14,1 cm × 21,1 cm × 1,6 cm"
9782917504659.0,"14,1 cm × 21,5 cm × 1,7 cm"
9782383500230.0,"15,0 cm × 21,0 cm × 0,0 cm"
9782842251932.0,"52,5 cm × 52,5 cm × 0,0 cm"
9782491812034.0,"52,5 cm × 52,5 cm × 0,0 cm"
9782492536366.0,"13,5 cm × 22,0 cm × 0,0 cm"
9782492257117.0,"14,8 cm × 21,0 cm × 0,0 cm"
9782812204548.0,"14,0 cm × 22,5 cm × 0,0 cm"
9782492536540.0,"14,5 cm × 22,5 cm × 0,0 cm"
9782378832308.0,"14,8 cm × 21,0 cm × 0,0 cm"
9782330181437.0,"11,5 cm × 21,6 cm × 2,0 cm"
9782382846209.0,
9782702189719.0,"12,0 cm × 18,5 cm × 1,1 cm "
9782382991619.0,"14,8 cm × 22,0 cm × 0,0 cm"
9782382991626.0,"14,8 cm × 22,0 cm × 0,0 cm"
9782382991640.0,"14,8 cm × 22,0 cm × 0,0 cm"
9782382991664.0,"14,8 cm × 22,0 cm × 0,0 cm"
9782382991671.0,"14,8 cm × 22,0 cm × 0,0 cm"
9782382991688.0,"14,8 cm × 22,0 cm × 0,0 cm"
9782382991756.0,"14,8 cm × 22,0 cm × 0,0 cm"
9782382991749.0,"14,8 cm × 22,0 cm × 0,0 cm"
9782382846155.0,
9782080431202.0,"13,7 cm × 21,0 cm × 2,2 cm"
9782382991695.0,"14,8 cm × 22,0 cm × 0,0 cm"
9782382991701.0,"14,8 cm × 22,0 cm × 0,0 cm"
9782382991718.0,"14,8 cm × 22,0 cm × 0,0 cm"
9782382991725.0,"14,8 cm × 22,0 cm × 0,0 cm"
9782919205455.0,"14,0 cm × 18,9 cm × 1,3 cm"
9782406147336.0,
9782406147329.0,"15,0 cm × 22,0 cm × 4,0 cm"
9782490399475.0,"14,8 cm × 21,0 cm × 3,6 cm"
9782850611995.0,"0,1 cm × 0,1 cm × 0,1 cm"
9782259315111.0,"0,1 cm × 0,1 cm × 0,1 cm"
9782374485478.0,"13,6 cm × 21,7 cm × 1,7 cm"
9782809841541.0,"15,2 cm × 24,1 cm × 3,7 cm"
9782378560690.0,"14,0 cm × 21,5 cm × 2,2 cm"
9791030706116.0,"13,0 cm × 19,7 cm × 1,2 cm"
9791030706130.0,"13,0 cm × 19,8 cm × 2,7 cm"
9782810509768.0,"12,7 cm × 20,5 cm × 1,8 cm"
9782383612407.0,"14,0 cm × 21,0 cm × 2,8 cm"
9782073009883.0,"15,5 cm × 22,5 cm × 1,5 cm"
9782375022924.0,"14,5 cm × 22,5 cm × 3,2 cm"
9782375023068.0,"13,6 cm × 21,4 cm × 3,0 cm"
9782371583955.0,
9782258204232.0,
9782258205574.0,
9782841007486.0,
9782841007578.0,
9782371265882.0,"13,0 cm × 20,8 cm × 3,3 cm"
9782221247716.0,"13,2 cm × 19,7 cm × 0,0 cm"
9780241512456.0,"15,3 cm × 23,4 cm × 4,0 cm"
9782841007493.0,
9782017251309.0,
9782385150150.0,"13,9 cm × 20,9 cm × 1,3 cm"
9782384623365.0,"14,8 cm × 21,0 cm × 0,0 cm"
9782384626342.0,"14,8 cm × 21,0 cm × 0,0 cm"
9782384626830.0,"12,7 cm × 17,8 cm × 0,0 cm"
9782021538878.0,"14,6 cm × 22,0 cm × 2,0 cm"
9782365331265.0,"14,5 cm × 20,0 cm × 1,7 cm"
9782896986330.0,"13,3 cm × 19,7 cm × 2,9 cm"
9782356879691.0,"13,0 cm × 20,0 cm × 0,5 cm"
9782356879714.0,"13,1 cm × 20,0 cm × 2,0 cm"
9782940666553.0,"14,0 cm × 22,0 cm × 0,0 cm"
9782863643983.0,"16,5 cm × 23,0 cm × 0,0 cm"
9782361573263.0,"14,0 cm × 20,5 cm × 0,0 cm"
9782358482202.0,"14,0 cm × 22,0 cm × 0,0 cm"
9782370712738.0,"14,0 cm × 19,5 cm × 0,0 cm"
9782370712714.0,"14,0 cm × 19,5 cm × 0,0 cm"
9782809716382.0,"13,9 cm × 20,4 cm × 2,3 cm"
9782369563396.0,"12,5 cm × 19,0 cm × 1,1 cm"
9782493823106.0,"14,0 cm × 20,5 cm × 1,7 cm"
9782380157987.0,"13,0 cm × 20,0 cm × 0,1 cm"
9782380158007.0,"13,0 cm × 20,0 cm × 0,1 cm"
9782384360840.0,"14,0 cm × 21,0 cm × 0,0 cm"
9782234094475.0,"13,8 cm × 21,3 cm × 2,2 cm"
9782501171779.0,
9782226486547.0,
9782253934691.0,
9782246829850.0,"12,0 cm × 19,0 cm × 0,0 cm"
9782246834878.0,"12,0 cm × 19,0 cm × 0,0 cm"
9782755669398.0,"13,0 cm × 20,5 cm × 0,0 cm"
9782494049840.0,"14,0 cm × 19,0 cm × 0,0 cm"
9782365593199.0,"15,0 cm × 22,0 cm × 0,0 cm"
9782365593205.0,"15,0 cm × 22,0 cm × 0,0 cm"
9782213725482.0,"13,5 cm × 21,5 cm × 0,0 cm"
9782406149354.0,
9782406149361.0,
9782824622415.0,"14,6 cm × 22,5 cm × 3,1 cm"
9782382991732.0,"14,8 cm × 22,0 cm × 0,0 cm"
9782366131253.0,"15,0 cm × 23,0 cm × 0,0 cm"
9782228933858.0,
9782383110217.0,"13,5 cm × 20,0 cm × 0,0 cm"
9782876237551.0,"12,1 cm × 18,0 cm × 1,1 cm"
9782379390999.0,"14,0 cm × 21,0 cm × 0,0 cm"
9782221259221.0,"14,0 cm × 22,0 cm × 0,0 cm"
9782374485805.0,"0,1 cm × 0,1 cm × 0,1 cm"
9782810438679.0,"0,1 cm × 0,1 cm × 0,1 cm"
9782416009068.0,"14,0 cm × 20,5 cm × 2,0 cm"
9782379391002.0,"14,0 cm × 21,0 cm × 0,0 cm"
9782366862102.0,"14,0 cm × 20,5 cm × 1,2 cm"
9782366862133.0,"14,0 cm × 20,5 cm × 1,5 cm"
9782812939006.0,
9782382790199.0,"13,5 cm × 19,7 cm × 1,0 cm"
9782492604010.0,"14,0 cm × 21,0 cm × 2,5 cm"
9782493049278.0,"13,0 cm × 21,0 cm × 0,9 cm"
9782875932648.0,"14,0 cm × 20,5 cm × 2,5 cm"
9782491927134.0,"15,0 cm × 21,0 cm × 1,0 cm"
9782492604003.0,"16,0 cm × 24,0 cm × 1,5 cm"
9782375023044.0,"14,4 cm × 21,3 cm × 4,3 cm"
9782494387041.0,"13,5 cm × 20,0 cm × 1,5 cm"
9782925141716.0,"12,5 cm × 19,0 cm × 2,5 cm"
9782491560669.0,"14,0 cm × 21,0 cm × 0,0 cm"
9791092173772.0,"15,0 cm × 20,0 cm × 1,1 cm"
9782876237438.0,"14,0 cm × 20,5 cm × 1,3 cm"
9782876237445.0,
9782846213394.0,
9782362220883.0,
9782876237520.0,
9782384090662.0,"13,5 cm × 21,5 cm × 0,0 cm"
9782221271391.0,"13,7 cm × 20,5 cm × 3,8 cm"
9782258143494.0,
9782260056027.0,"14,1 cm × 20,7 cm × 2,1 cm"
9782259316385.0,
9782844184597.0,"14,0 cm × 20,5 cm × 1,3 cm"
9791037509772.0,"0,1 cm × 0,1 cm × 0,1 cm"
9782749954875.0,"0,1 cm × 0,1 cm × 0,1 cm"
9782812939020.0,
9782351789063.0,"12,0 cm × 19,2 cm × 2,7 cm"
9782919300693.0,"12,0 cm × 18,5 cm × 0,7 cm"
9782492918025.0,"14,0 cm × 21,0 cm × 2,5 cm"
9791091555791.0,"14,5 cm × 21,0 cm × 1,6 cm"
9782356982353.0,"14,0 cm × 20,5 cm × 0,9 cm"
9782492182143.0,"15,0 cm × 21,5 cm × 1,5 cm"
9782351789056.0,"12,3 cm × 19,3 cm × 7,5 cm"
9782507058364.0,"12,0 cm × 18,0 cm × 1,2 cm"
9782371265974.0,"13,0 cm × 20,8 cm × 3,3 cm"
9782491546212.0,"12,0 cm × 17,0 cm × 0,5 cm"
9782493043290.0,"21,0 cm × 14,8 cm × 1,5 cm"
9782379615252.0,"14,8 cm × 21,0 cm × 2,4 cm"
9791091301787.0,"14,8 cm × 21,0 cm × 1,8 cm"
9782379613715.0,"14,8 cm × 21,0 cm × 3,0 cm"
9782385150174.0,"13,9 cm × 20,9 cm × 1,1 cm"
9791092457377.0,"13,0 cm × 19,5 cm × 0,0 cm"
9782017251316.0,
9782931027691.0,"14,0 cm × 21,0 cm × 0,0 cm"
9782931027707.0,"14,0 cm × 21,0 cm × 0,0 cm"
9782380821314.0,"14,1 cm × 20,6 cm × 2,9 cm"
9782371583993.0,
9782846794008.0,"13,0 cm × 22,0 cm × 0,0 cm"
9782846795357.0,
9782021539370.0,
9782384626335.0,"14,8 cm × 21,0 cm × 0,0 cm"
9782384626755.0,"14,8 cm × 21,0 cm × 0,0 cm"
9782371583870.0,
9782371583887.0,
9782832112564.0,"15,0 cm × 22,0 cm × 0,0 cm"
9791038121676.0,"14,0 cm × 21,6 cm × 0,0 cm"
9782491309428.0,"15,0 cm × 24,0 cm × 0,0 cm"
9791037031945.0,"15,2 cm × 22,9 cm × 0,0 cm"
9782226452580.0,
9782226464521.0,
9782246835059.0,"12,0 cm × 18,5 cm × 0,0 cm"
9782246814481.0,"12,0 cm × 18,5 cm × 0,0 cm"
9782246835455.0,"14,0 cm × 20,5 cm × 0,0 cm"
9782226487841.0,"13,2 cm × 20,1 cm × 1,4 cm"
9782226459039.0,"15,2 cm × 22,1 cm × 3,0 cm"
9782501171762.0,
9782226460639.0,
9782226484444.0,"15,0 cm × 22,0 cm × 3,2 cm"
9782226487940.0,
9782824622736.0,"14,5 cm × 22,5 cm × 3,0 cm"
9782824622767.0,"14,5 cm × 22,5 cm × 3,0 cm"
9782824622750.0,"14,5 cm × 22,5 cm × 3,0 cm"
9782824622781.0,"14,5 cm × 22,5 cm × 3,0 cm"
9782824622835.0,"15,3 cm × 23,5 cm × 2,9 cm"
9782824622866.0,"15,1 cm × 22,4 cm × 1,8 cm"
9783961714889.0,
9782824637686.0,
9782824622293.0,"14,6 cm × 22,5 cm × 2,3 cm"
9782824622330.0,"15,3 cm × 23,5 cm × 2,9 cm"
9782824622484.0,"15,2 cm × 13,5 cm × 2,5 cm"
9782824622590.0,"11,1 cm × 17,8 cm × 1,4 cm"
9782824622651.0,"15,2 cm × 13,5 cm × 2,5 cm"
9782265157170.0,"0,1 cm × 0,1 cm × 0,1 cm"
9782810509775.0,"13,0 cm × 20,5 cm × 1,8 cm"
9782258206892.0,"13,8 cm × 21,0 cm × 2,0 cm"
9782809844528.0,"0,1 cm × 0,1 cm × 0,1 cm"
9782810438242.0,"0,1 cm × 0,1 cm × 0,1 cm"
9782370492265.0,"15,3 cm × 23,0 cm × 4,5 cm"
9782382111758.0,"14,5 cm × 22,0 cm × 2,0 cm"
9782749950631.0,"0,1 cm × 0,1 cm × 0,1 cm"
9782416011047.0,"14,0 cm × 20,5 cm × 2,5 cm"
9782382111765.0,"11,0 cm × 18,0 cm × 3,2 cm"
9782072994623.0,"14,0 cm × 18,2 cm × 3,2 cm"
9782365697002.0,"14,3 cm × 22,9 cm × 3,3 cm"
9782232147128.0,"14,4 cm × 19,1 cm × 2,0 cm"
9782385210076.0,
9782221270769.0,"0,1 cm × 0,1 cm × 0,1 cm"
9782749177076.0,"0,1 cm × 0,1 cm × 0,1 cm"
9782258206922.0,
9782371265936.0,"13,0 cm × 20,8 cm × 3,0 cm"
9782017251323.0,
9782373051254.0,
9782021507911.0,
9782376526636.0,"13,5 cm × 21,5 cm × 0,0 cm"
9782376526667.0,"13,5 cm × 21,5 cm × 0,0 cm"
9782384626700.0,"14,8 cm × 21,0 cm × 0,0 cm"
9782268109244.0,"14,0 cm × 22,5 cm × 1,7 cm"
9791090103856.0,"11,0 cm × 22,0 cm × 1,0 cm"
9782862727714.0,"25,5 cm × 19,0 cm × 1,5 cm"
9782381223513.0,"15,2 cm × 22,3 cm × 3,8 cm"
9782344058473.0,"21,5 cm × 28,8 cm × 0,0 cm"
9782080258182.0,"14,5 cm × 22,0 cm × 3,0 cm"
9782381224473.0,
9782702168868.0,
9782330180560.0,
9782824622743.0,"14,5 cm × 22,5 cm × 3,0 cm"
9782374485430.0,
9782493036155.0,"14,0 cm × 21,5 cm × 0,0 cm"
9782889442140.0,
9782367602806.0,"14,5 cm × 19,0 cm × 0,0 cm"
9782363083494.0,
9782283035955.0,
9782493043313.0,"21,0 cm × 14,8 cm × 0,0 cm"
9782363083517.0,"12,9 cm × 20,7 cm × 1,4 cm"
9782021536508.0,"14,0 cm × 20,5 cm × 0,0 cm"
9791022612937.0,"14,0 cm × 21,5 cm × 1,8 cm"
9791095244387.0,"13,0 cm × 20,0 cm × 1,7 cm"
9782492270895.0,"12,0 cm × 20,5 cm × 0,0 cm"
9782379271854.0,"15,6 cm × 21,5 cm × 1,5 cm"
9782315010813.0,"52,5 cm × 52,5 cm × 0,0 cm"
9782719111246.0,"3,2 cm × 2,8 cm × 2,0 cm"
9782755664393.0,"14,5 cm × 22,5 cm × 0,0 cm"
9782755669091.0,"13,0 cm × 20,5 cm × 0,0 cm"
9782080420701.0,"13,5 cm × 21,0 cm × 0,0 cm"
9782863748879.0,"13,5 cm × 21,5 cm × 0,0 cm"
9782246825647.0,"13,0 cm × 20,5 cm × 0,0 cm"
9782378153120.0,
9791032900680.0,
9782374485065.0,
9782494707122.0,"14,0 cm × 21,0 cm × 2,6 cm"
9782875232120.0,
9782380823073.0,
9782380823080.0,
9782757894224.0,"0,1 cm × 0,1 cm × 0,1 cm"
9782491462734.0,"16,5 cm × 21,0 cm × 0,9 cm"
9782892394382.0,"15,6 cm × 23,4 cm × 0,0 cm"
9791095118268.0,"14,5 cm × 21,0 cm × 1,0 cm"
9782378040628.0,"12,0 cm × 21,0 cm × 1,3 cm"
9782381223438.0,
9782493872067.0,"14,8 cm × 21,0 cm × 0,8 cm"
9782385770297.0,
9782283037515.0,
9782373056990.0,
9782812203954.0,"3,2 cm × 2,8 cm × 2,0 cm"
9782374485737.0,
9782072906381.0,
9782381511436.0,"14,8 cm × 21,0 cm × 0,0 cm"
9791091301831.0,"14,8 cm × 21,0 cm × 1,9 cm"
9782494707115.0,"14,0 cm × 21,0 cm × 2,6 cm"
9782377473403.0,
9782072863813.0,
9782889501137.0,
9782356030337.0,
9782373751178.0,
9782376973720.0,
9782702163382.0,"13,5 cm × 21,5 cm × 0,0 cm"
9782373000788.0,
9782072909092.0,"14,0 cm × 20,5 cm × 0,0 cm"
9782213726564.0,"13,5 cm × 21,5 cm × 0,0 cm"
9782369563334.0,"12,5 cm × 19,0 cm × 0,1 cm"
9782755672183.0,"13,0 cm × 20,5 cm × 0,0 cm"
9782702189788.0,
9782379460982.0,"13,0 cm × 21,0 cm × 1,3 cm"
9782350747194.0,
9782958792114.0,"13,0 cm × 20,0 cm × 2,0 cm"
9782080296047.0,
9782493872074.0,"15,0 cm × 21,0 cm × 1,4 cm"
9782749926551.0,
9782371583771.0,
9782377690961.0,
9782494707139.0,"14,0 cm × 21,0 cm × 2,6 cm"
9782755671940.0,"13,0 cm × 20,5 cm × 0,0 cm"
9782876237391.0,
9782356449269.0,"52,5 cm × 52,5 cm × 0,0 cm"
9782714600127.0,"14,8 cm × 21,0 cm × 1,5 cm"
9791024503387.0,"14,0 cm × 22,5 cm × 2,0 cm"
9782714600059.0,"14,8 cm × 21,0 cm × 1,5 cm"
9782330162054.0,
9782207180198.0,
9782381224862.0,
9782416010507.0,
9782264075932.0,
9782846794725.0,
9782072873133.0,
9782384820078.0,
9782379271601.0,"14,5 cm × 20,5 cm × 0,0 cm"
9791033914297.0,
9782259314947.0,
9791094936276.0,"14,0 cm × 20,5 cm × 2,5 cm"
9782362796180.0,"13,5 cm × 18,5 cm × 1,1 cm"
9782494387065.0,"14,5 cm × 22,0 cm × 2,6 cm"
9782841414758.0,"15 cm × 22,0 cm"
9782379412240.0,"12,4 cm × 18,0 cm × 1,4 cm"
9782889640584.0,"18,0 cm × 21,0 cm × 0,0 cm"
9782080418401.0,"13,4 cm × 21,9 cm × 1,3 cm"
9791091301824.0,"14,8 cm × 21,0 cm × 1,3 cm"
9782373057263.0,"14,0 cm × 20,4 cm × 3,2 cm"
9782373200805.0,NC
9782492642142.0,"13,0 cm × 19,0 cm × 0,0 cm"
9782384870745.0,"0 cm × 0 cm × 0,0 cm"
9782384870752.0,"0 cm × 0 cm × 0,0 cm"
9782384870516.0,"0 cm × 0 cm × 0,0 cm"
9782493311085.0,"14,0 cm × 20,0 cm × 0,0 cm"
9782493534118.0,"14,0 cm × 25,0 cm × 0,0 cm"
9782366247985.0,"13,2 cm × 20,9 cm × 1,3 cm"
9782490251810.0,"12,0 cm × 18,5 cm × 0,0 cm"
9782373111606.0,13cm X 20cm
9782204161008.0,"14,2 cm × 21,8 cm × 3,8 cm"
9782749174082.0,"14,2 cm × 21,2 cm × 2,0 cm"
9782367491080.0,"12,2 cm × 22,1 cm × 2,4 cm"
,
9782375792803.0,"13,1 cm × 19,8 cm × 1,6 cm"
9791092903140.0,"10,5 cm × 18,0 cm × 0,0 cm"
9791025300732.0,14cm X 21cm
9791025300749.0,NC
9782721012159.0,"13,0 cm × 20,0 cm × 0,5 cm"
9791030801019.0,"12,2 cm × 18,0 cm × 1,3 cm"
9788412674620.0,"0,1 cm × 0,1 cm × 0,1 cm"
9782494463004.0,"11,0 cm × 20,5 cm × 0,0 cm"
9782875990792.0,"14,0 cm × 21,0 cm × 0,0 cm"
9791097567231.0,"11,5 cm × 21,0 cm × 2,1 cm"
9791097567255.0,"11,5 cm × 21,0 cm × 2,1 cm"
9782357071803.0,"13,0 cm × 20,5 cm × 1,4 cm"
9782846795395.0,"13,1 cm × 21,5 cm × 2,2 cm"
9791097127381.0,"14,5 cm × 21,0 cm × 1,1 cm"
9782246829355.0,"14,0 cm × 20,5 cm × 2,0 cm"
9782492665127.0,"12,5 cm × 18,0 cm × 0,0 cm"
9782381225432.0,"14,2 cm × 21,2 cm × 2,6 cm"
9782377011711.0,"14,0 cm × 21,0 cm × 1,3 cm"
9782956719434.0,"12,0 cm × 19,0 cm × 10,5 cm"
9782378803735.0,"13,8 cm × 18,7 cm × 2,4 cm"
9782369563358.0,"17,2 cm × 21,1 cm × 1,5 cm"
9791090062832.0,"14,0 cm × 18,0 cm × 1,5 cm"
9791096673988.0,"12,5 cm × 19,0 cm × 1,4 cm"
9782368334614.0,"14,0 cm × 20,4 cm × 1,5 cm"
9782368334621.0,"16,2 cm × 24,1 cm × 2,6 cm"
9782356879684.0,"13,0 cm × 20,0 cm × 0,8 cm"
9782493816283.0,"14,0 cm × 19,0 cm × 0,0 cm"
9791095244417.0,"14,0 cm × 20,0 cm × 1,5 cm"
9782844184467.0,"12,0 cm × 17,0 cm × 1,2 cm"
9782844184450.0,"14,0 cm × 20,5 cm × 1,1 cm"
9782259315913.0,"12,2 cm × 18,5 cm × 1,7 cm"
9782850610387.0,
9782258205871.0,14cm x 22cm
9782493036148.0,"14,0 cm × 21,5 cm × 2,0 cm"
9782494119109.0,"15,0 cm × 21,0 cm × 0,0 cm"
9782268109480.0,"14,0 cm × 20,5 cm × 2,2 cm"
9782490205165.0,"14,0 cm × 21,0 cm × 0,0 cm"
9782492352157.0,"12,0 cm × 18,5 cm × 0,0 cm"
9782021537376.0,"13,0 cm × 18,4 cm × 1,9 cm"
9782889442324.0,"14,3 cm × 21,3 cm × 1,7 cm"
9782234093942.0,"13,5 cm × 21,5 cm × 2,4 cm"
9782370712653.0,"14,2 cm × 19,6 cm × 1,3 cm"
9791097339555.0,"14,0 cm × 20,5 cm × 1,5 cm"
9782889072804.0,"14,1 cm × 21,0 cm × 0,9 cm"
9791036001598.0,"14,5 cm × 20,0 cm × 2,3 cm"
,
9791091555814.0,"12,0 cm × 17,0 cm × 0,0 cm"
,
9782491742591.0,"12,6 cm × 18,6 cm × 3,5 cm"
9782373201000.0,-
9782958360313.0,"14,0 cm × 20,5 cm × 1,9 cm"
9782714497215.0,"14,2 cm × 20,7 cm × 2,2 cm"
9782358731904.0,"13,8 cm × 20,6 cm × 2,4 cm"
9782385290320.0,"14,2 cm × 23,0 cm × 3,5 cm"
9782385290313.0,"14,7 cm × 23,0 cm × 2,2 cm"
9782824622606.0,"14,4 cm × 22,6 cm × 2,9 cm"
9782376650959.0,"13,5 cm × 19,0 cm × 1,2 cm"
9782413081777.0,"13,5 cm × 22,1 cm × 2,0 cm"
9782413081487.0,"12,2 cm × 18,7 cm × 1,4 cm "
9782367271163.0,"15,0 cm × 22,0 cm × 3,2 cm"
9782829006531.0,"14,0 cm × 21,0 cm × 0,0 cm"
9782265155473.0,"14,1 cm × 20,8 cm × 2,3 cm"
9782366773378.0,"14,0 cm × 20,5 cm × 2,0 cm"
9782381224848.0,"11,1 cm × 17,9 cm × 1,9 cm"
9782381223933.0,"14,4 cm × 21,4 cm × 4,0 cm"
9782221263853.0,"13,6 cm × 21,4 cm × 2,7 cm"
9782749952338.0,"14,2 cm × 22,7 cm × 3,4 cm"
9782361838713.0,"14,1 cm × 18,2 cm × 1,7 cm"
9782862315089.0,"13,7 cm × 21,0 cm × 1,5 cm"
9782493816269.0,"14,0 cm × 19,0 cm × 2,8 cm"
9782882508638.0,"12,8 cm × 20,1 cm × 1,2 cm"
9782259316989.0,"3014,2 cm × 22,6 cm × 3,2 cm"
9782958062064.0,"11,0 cm × 16,0 cm × 1,5 cm"
9782706724725.0,"15,1 cm × 22,5 cm × 2,0 cm"
9782493823083.0,"14,1 cm × 20,5 cm × 1,7 cm"
9791092159332.0,"14,0 cm × 19,0 cm × 1,0 cm"
9782356541215.0,"12,5 cm × 21,1 cm × 1,5 cm"
9782258201545.0,"13,7 cm × 21,0 cm × 3,0 cm"
9782330181710.0,"10,1 cm × 19,0 cm × 1,8 cm"
9782226483874.0,"14,2 cm × 20,5 cm × 1,8 cm"
9782226484871.0,"14,2 cm × 20,5 cm × 2,0 cm"
9782226481900.0,"14,2 cm × 20,5 cm × 2,0 cm"
9782226480347.0,"14,2 cm × 20,5 cm × 1,7 cm"
9782363083463.0,"13,2 cm × 19,2 cm × 2,7 cm"
9782363083470.0,"12,7 cm × 20,7 cm × 2,1 cm"
9782080283139.0,"12,5 cm × 21,0 cm × 1,1 cm"
9782850351242.0,"14,3 cm × 22,0 cm × 1,1 cm"
9782889601202.0,"14,0 cm × 21,0 cm × 1,0 cm"
9791093098692.0,"12,0 cm × 17,0 cm × 1,4 cm"
9782493206220.0,"14,0 cm × 20,6 cm × 1,9 cm"
9782358731898.0,"13,5 cm × 20,5 cm × 3,0 cm"
9791027803064.0,"15,2 cm × 22,2 cm × 2,9 cm"
9791095066583.0,"15,2 cm × 21,1 cm × 2,1 cm"
9782829006722.0,"16,0 cm × 24,0 cm × 0,0 cm"
9782958344054.0,"16,0 cm × 23,0 cm × 0,0 cm"
9782382846100.0,
9782382844564.0,"14,1 cm × 20,6 cm × 1,3 cm"
9782382841914.0,NC
9782080421357.0,"13,5 cm × 21,0 cm × 1,3 cm"
9782073024916.0,"14,1 cm × 20,5 cm × 1,7 cm"
9782073036575.0,"14,0 cm × 20,5 cm × 2,0 cm"
9782344058954.0,"14,0 cm × 22,5 cm × 2,0 cm"
9782383612056.0,"14,0 cm × 21,0 cm × 3,0 cm"
9782383670117.0,"18,0 cm × 18,0 cm × 0,0 cm"
9782246835479.0,"12,1 cm × 18,5 cm × 0,8 cm"
9782246834151.0,"12,2 cm × 18,5 cm × 1,3 cm"
9782381400655.0,"14,1 cm × 22,0 cm × 3,6 cm"
9791031904122.0,"13,2 cm × 18,5 cm × 1,3 cm"
9782221271308.0,"14,0 cm × 21,5 cm × 2,3 cm"
9782221258668.0,"13,8 cm × 21,8 cm × 3,4 cm"
9782381340500.0,"13,5 cm × 19,6 cm × 2,4 cm"
9782876237575.0,"14,0 cm × 20,5 cm × 4,0 cm"
9782715260269.0,"14,0 cm × 20,5 cm × 1,0 cm"
9782707348852.0,"13,5 cm × 18,5 cm × 2,1 cm"
9782862315133.0,"13,6 cm × 21,0 cm × 1,5 cm"
9782370841247.0,"15,0 cm × 20,0 cm × 0,7 cm"
9782350878447.0,"14,4 cm × 20,3 cm × 2,4 cm"
9782490834150.0,"14,2 cm × 20,0 cm × 2,2 cm"
9782863644089.0,"16,5 cm × 23,0 cm × 0,0 cm"
9791025205976.0,"13,0 cm × 16,0 cm × 1,8 cm"
9782370670779.0,"14,0 cm × 20,5 cm × 1,4 cm"
9782818058268.0,"14,0 cm × 20,5 cm × 1,9 cm"
9782746527140.0,"13,5 cm × 20,0 cm × 2,2 cm"
9791093699264.0,"11,5 cm × 18,5 cm × 1,0 cm"
9791096562534.0,"10,3 cm × 17,0 cm × 0,5 cm"
9782321017950.0,"13,5 cm × 18,5 cm × 1,8 cm"
9782321018704.0,"13,6 cm × 18,6 cm × 2,2 cm"
9782021505177.0,"14,0 cm × 20,5 cm × 2,0 cm"
9782846817073.0,"12,5 cm × 20,0 cm × 1,0 cm"
9782364686687.0,"12,6 cm × 20,0 cm × 2,2 cm"
9782234094499.0,"13,6 cm × 21,5 cm × 2,3 cm"
9782234092525.0,"13,6 cm × 21,8 cm × 2,0 cm"
9782868537058.0,"14,0 cm × 19,0 cm × 1,7 cm"
9782370553751.0,"14,2 cm × 19,2 cm × 1,2 cm"
9782378561772.0,"14,2 cm × 21,5 cm × 2,1 cm"
9782378561802.0,"10,0 cm × 15,7 cm × 1,1 cm"
9782356541222.0,"11,5 cm × 17,0 cm × 1,0 cm"
,
